action_id,user_id,callback,message,timestamp
217,482410857,personal_acc,"",1752523139
218,482410857,buy_key,"",1752523140
219,482410857,to_pay_month,"",1752523143
220,482410857,personal_acc,"",1752523153
221,482410857,start_menu,"",1752523156
222,482410857,install_vpn,"",1752523157
223,482410857,android,"",1752523158
224,482410857,install_vpn,"",1752523159
225,482410857,start_menu,"",1752523160
226,482410857,help,"",1752523162
227,482410857,start_menu,"",1752523163
228,482410857,personal_acc,"",1752523165
229,482410857,start_menu,"",1752523167
260,1041940607,to_pay_3_months,"",1752524142
261,638795782,"",/start,1752524146
262,638795782,trial_per,"",1752524156
263,1049570990,install_vpn,"",1752524169
264,1049570990,ios,"",1752524174
265,1953407326,"",/start,1752524191
266,638795782,install_vpn,"",1752524200
267,638795782,ios,"",1752524203
268,1196652388,"",/start,1752524259
269,862797715,trial_per,"",1752524274
270,862797715,buy_key,"",1752524284
271,5167755906,"",/start,1752524292
272,638795782,help_install_vpn,"",1752524295
273,638795782,help_app,"",1752524298
274,5167755906,trial_per,"",1752524305
275,6519288760,"",/start,1752524311
276,482410857,personal_acc,"",1752524317
277,5167755906,buy_key,"",1752524318
278,862797715,start_menu,"",1752524318
279,862797715,install_vpn,"",1752524321
280,1336353605,"",/start,1752524322
281,862797715,ios,"",1752524327
282,1336353605,install_vpn,"",1752524334
283,1336353605,buy_key_in_install,"",1752524337
284,1336353605,to_pay_month,"",1752524341
285,1041940607,install_vpn,"",1752524360
286,1041940607,ios,"",1752524363
287,1041940607,help_install_vpn,"",1752524429
288,1041940607,help,"",1752524434
289,1041940607,help_install_vpn,"",1752524437
290,1041940607,help,"",1752524445
291,1041940607,start_menu,"",1752524449
292,1041940607,personal_acc,"",1752524452
293,1450037050,"",/start,1752524453
294,1450037050,trial_per,"",1752524457
295,1450037050,install_vpn,"",1752524468
296,1450037050,ios,"",1752524471
297,1041940607,start_menu,"",1752524477
298,1041940607,personal_acc,"",1752524483
299,1049570990,help_install_vpn,"",1752524508
300,1041940607,start_menu,"",1752524512
301,1049570990,help_links,"",1752524513
302,1041940607,install_vpn,"",1752524515
303,1041940607,ios,"",1752524517
304,1049570990,start_menu,"",1752524521
305,1049570990,buy_key,"",1752524527
306,1049570990,to_pay_3_months,"",1752524535
307,1310067265,"",/start,1752524550
308,1049570990,refferal,"",1752524599
309,1049570990,start_menu,"",1752524607
310,1049570990,buy_key,"",1752524610
311,5130626591,"",/start 5753037919,1752524612
312,5130626591,"",/start 5753037919,1752524618
313,1049570990,to_pay_6_months,"",1752524628
314,5753037919,install_vpn,"",1752524630
315,5167755906,to_pay_month,"",1752524640
316,7281075964,"",/start,1752524649
317,7281075964,install_vpn,"",1752524651
318,7281075964,buy_key_in_install,"",1752524652
319,7281075964,to_pay_month,"",1752524656
320,1049570990,buy_key,"",1752524661
321,1049570990,to_pay_6_months,"",1752524664
322,5167755906,buy_key,"",1752524667
323,5167755906,to_pay_best,"",1752524670
369,5167755906,help_per_acc,"",1752526032
370,5167755906,help,"",1752526042
371,1364758965,refferal,"",1752526085
372,1364758965,start_menu,"",1752526088
373,1364758965,install_vpn,"",1752526090
374,1364758965,buy_key_in_install,"",1752526094
375,1364758965,to_pay_month,"",1752526096
376,1364758965,install_vpn,"",1752526109
377,1364758965,buy_key_in_install,"",1752526110
378,1364758965,to_pay_year,"",1752526121
379,1364758965,install_vpn,"",1752526133
380,1364758965,buy_key_in_install,"",1752526134
381,1364758965,help_per_acc,"",1752526163
382,1364758965,help,"",1752526172
383,1364758965,help_per_acc,"",1752526175
384,1364758965,help,"",1752526177
385,1364758965,start_menu,"",1752526178
386,1364758965,trial_per,"",1752526181
397,1364758965,install_vpn,"",1752526744
398,1364758965,start_menu,"",1752526746
399,1364758965,buy_key,"",1752526748
400,1364758965,to_pay_year,"",1752526749
401,1364758965,buy_key,"",1752526805
402,1364758965,help_per_acc,"",1752526881
403,1364758965,help,"",1752526883
404,1364758965,help_per_acc,"",1752526887
405,1364758965,help,"",1752526897
406,1364758965,start_menu,"",1752526901
407,1364758965,help,"",1752526906
408,688730778,"",/start,1752527083
413,5275386205,"",/start,1752529783
415,913873434,"",/start,1752530862
416,913873434,trial_per,"",1752530873
417,913873434,install_vpn,"",1752530884
418,913873434,android,"",1752530887
423,6170621947,"",/start,1752537939
424,6170621947,personal_acc,"",1752537987
425,6170621947,start_menu,"",1752538005
430,5275386205,install_vpn,"",1752542006
230,731845911,"",/start,1752523866
231,700648704,"",/start,1752523876
232,731845911,install_vpn,"",1752523881
233,731845911,buy_key_in_install,"",1752523885
234,731845911,to_pay_3_months,"",1752523895
235,1049570990,"",/start,1752523901
236,1364758965,"",/start,1752523918
237,1049570990,personal_acc,"",1752523921
238,1049570990,start_menu,"",1752523927
239,1049570990,trial_per,"",1752523930
240,1049570990,install_vpn,"",1752523933
241,1049570990,ios,"",1752523936
242,1521132283,"",/start,1752524033
243,1257956670,"",/start,1752524040
244,1257956670,install_vpn,"",1752524043
245,1257956670,trial_per,"",1752524051
246,1521132283,trial_per,"",1752524052
247,5753037919,"",/start,1752524055
248,1257956670,install_vpn,"",1752524056
249,5753037919,install_vpn,"",1752524058
250,1257956670,ios,"",1752524058
251,862797715,"",/start,1752524068
252,482410857,install_vpn,"",1752524083
253,482410857,start_menu,"",1752524084
254,482410857,personal_acc,"",1752524086
255,5753037919,invite_in_install,"",1752524087
256,1041940607,"",/start,1752524087
257,482410857,start_menu,"",1752524088
258,1041940607,install_vpn,"",1752524094
259,1041940607,buy_key_in_install,"",1752524137
324,477352108,"",/start,1752524691
325,477352108,install_vpn,"",1752524696
326,477352108,buy_key_in_install,"",1752524706
327,477352108,to_pay_6_months,"",1752524722
328,477352108,install_vpn,"",1752524750
329,477352108,buy_key_in_install,"",1752524751
330,477352108,to_pay_best,"",1752524757
331,477352108,personal_acc,"",1752524826
332,477352108,trial_per,"",1752524834
333,1049570990,buy_key,"",1752524872
334,1049570990,to_pay_3_months,"",1752524876
335,842220835,"",/start,1752524908
336,842220835,trial_per,"",1752524912
337,842220835,buy_key,"",1752524921
338,8194752120,install_vpn,"",1752524925
339,8194752120,buy_key_in_install,"",1752524927
340,8194752120,install_vpn,"",1752524928
341,842220835,to_pay_best,"",1752524937
342,482410857,start_menu,"",1752524967
343,482410857,install_vpn,"",1752524968
344,482410857,android,"",1752524970
345,482410857,install_vpn,"",1752524971
346,482410857,ios,"",1752524972
347,482410857,install_vpn,"",1752524973
348,482410857,windows,"",1752524974
349,1049570990,install_vpn,"",1752524975
350,482410857,install_vpn,"",1752524976
351,638795782,start_menu,"",1752524976
352,1049570990,ios,"",1752524978
353,638795782,personal_acc,"",1752524978
354,638795782,buy_key,"",1752524994
355,638795782,to_pay_month,"",1752525006
356,1049570990,help_install_vpn,"",1752525047
357,1049570990,help_turn_on,"",1752525051
358,1049570990,start_menu,"",1752525064
359,482410857,start_menu,"",1752525142
360,1336353605,trial_per,"",1752525229
361,5167755906,buy_key,"",1752525279
362,434554756,"",/start,1752525371
363,434554756,trial_per,"",1752525398
364,434554756,install_vpn,"",1752525415
365,434554756,android,"",1752525427
366,1049570990,buy_key,"",1752525550
367,1049570990,to_pay_3_months,"",1752525552
368,7203597150,"",/start,1752525609
387,1364758965,buy_key,"",1752526184
388,1364758965,to_pay_month,"",1752526187
389,1364758965,help,"",1752526198
390,1364758965,help_period,"",1752526200
391,1364758965,start_menu,"",1752526207
392,1364758965,install_vpn,"",1752526211
393,1364758965,ios,"",1752526215
394,5167755906,help_period,"",1752526299
395,793426637,"",/start,1752526342
396,793426637,trial_per,"",1752526346
409,231536469,"",/start,1752528591
410,231536469,trial_per,"",1752528605
411,231536469,install_vpn,"",1752528615
412,231536469,ios,"",1752528621
414,862797715,help_install_vpn,"",1752530159
419,1148418852,"",/start,1752535450
420,1315353770,"",/start,1752535478
421,1315353770,install_vpn,"",1752535483
422,1315353770,trial_per,"",1752535500
426,1310067265,personal_acc,"",1752538619
427,1310067265,trial_per,"",1752538623
428,1310067265,install_vpn,"",1752538625
429,1310067265,ios,"",1752538629
431,5275386205,trial_per,"",1752542021
432,5275386205,install_vpn,"",1752542023
433,5275386205,ios,"",1752542026
434,503222029,"",/start,1752544311
435,503222029,trial_per,"",1752544323
436,503222029,buy_key,"",1752544341
437,1024277893,"",/start,1752546438
438,1024277893,install_vpn,"",1752546443
439,1024277893,trial_per,"",1752546449
440,1024277893,install_vpn,"",1752546497
441,1024277893,ios,"",1752546500
442,1024277893,help_install_vpn,"",1752546548
443,1024277893,help_turn_on,"",1752546551
444,1024277893,start_menu,"",1752546558
445,1024277893,install_vpn,"",1752546560
446,1024277893,ios,"",1752546563
447,813912061,"",/start,1752548614
448,5355497613,"",/start,1752550312
449,5355497613,personal_acc,"",1752550314
450,5355497613,trial_per,"",1752550324
451,5355497613,refferal,"",1752550338
452,1082444168,"",/start,1752550794
453,5167755906,start_menu,"",1752551332
454,5167755906,personal_acc,"",1752551337
455,5167755906,help_per_acc_in_per_acc,"",1752551428
456,5167755906,personal_acc,"",1752551432
457,5167755906,help_per_acc_in_per_acc,"",1752551435
458,5167755906,personal_acc,"",1752551436
459,5167755906,start_menu,"",1752551437
460,5167755906,help,"",1752551443
461,5167755906,help_period,"",1752551450
462,5167755906,start_menu,"",1752551462
463,5167755906,help,"",1752551490
464,5167755906,help_period,"",1752551495
465,391525655,"",/start,1752551939
466,391525655,install_vpn,"",1752551954
467,391525655,trial_per,"",1752551969
468,391525655,buy_key,"",1752551981
469,391525655,to_pay_year,"",1752551988
470,391525655,install_vpn,"",1752552347
471,391525655,android,"",1752552354
472,391525655,install_vpn,"",1752552361
473,391525655,ios,"",1752552364
474,482410857,personal_acc,"",1752552962
475,7553860344,"",/start,1752553454
476,5355497613,start_menu,"",1752553468
477,7553860344,install_vpn,"",1752553475
478,7553860344,trial_per,"",1752553486
479,7553860344,install_vpn,"",1752553497
480,7553860344,ios,"",1752553502
481,5355497613,personal_acc,"",1752553533
482,5355497613,help_per_acc_in_per_acc,"",1752553545
483,5355497613,personal_acc,"",1752553550
484,5355497613,start_menu,"",1752553781
485,5355497613,personal_acc,"",1752553783
486,5355497613,start_menu,"",1752553863
487,5355497613,personal_acc,"",1752553866
488,5355497613,start_menu,"",1752554085
489,5355497613,personal_acc,"",1752554095
490,5355497613,start_menu,"",1752554099
491,5355497613,install_vpn,"",1752554100
492,5355497613,android,"",1752554102
493,5355497613,install_vpn,"",1752554108
494,5355497613,start_menu,"",1752554110
495,5355497613,personal_acc,"",1752554112
496,5167755906,start_menu,"",1752554283
497,5167755906,personal_acc,"",1752554285
498,1034316602,"",/start,1752554327
499,1034316602,personal_acc,"",1752554331
500,1034316602,buy_key,"",1752554336
501,1034316602,to_pay_month,"",1752554339
502,1034316602,personal_acc,"",1752554351
503,1034316602,buy_key,"",1752554353
504,1034316602,to_pay_month,"",1752554357
505,7553860344,help_install_vpn,"",1752554373
506,7553860344,help,"",1752554376
507,7553860344,help_install_vpn,"",1752554379
508,7553860344,help_turn_on,"",1752554383
509,7553860344,start_menu,"",1752554386
510,7553860344,install_vpn,"",1752554394
511,7553860344,ios,"",1752554396
512,5355497613,start_menu,"",1752554609
513,5355497613,install_vpn,"",1752554612
514,5355497613,android,"",1752554613
515,5355497613,install_vpn,"",1752554655
516,5355497613,start_menu,"",1752554656
517,5355497613,personal_acc,"",1752554658
518,482410857,"",/start,1752554928
519,482410857,install_vpn,"",1752554929
520,482410857,android,"",1752554931
521,1336353605,personal_acc,"",1752555022
522,1336353605,start_menu,"",1752555034
523,1336353605,personal_acc,"",1752555037
524,1336353605,start_menu,"",1752555038
525,1336353605,install_vpn,"",1752555039
526,5355497613,start_menu,"",1752555041
527,1336353605,ios,"",1752555042
528,5167755906,help_per_acc_in_per_acc,"",1752555050
529,5167755906,personal_acc,"",1752555052
530,5167755906,start_menu,"",1752555053
531,5167755906,install_vpn,"",1752555056
532,5167755906,ios,"",1752555064
533,482410857,install_vpn,"",1752555643
534,482410857,start_menu,"",1752555645
535,482410857,refferal,"",1752555646
536,482410857,invite,"",1752555647
537,1521132283,refferal,"",1752555740
538,1521132283,start_menu,"",1752555758
539,1521132283,personal_acc,"",1752555770
540,1873944109,"",/start,1752556387
541,1873944109,install_vpn,"",1752556398
542,1873944109,trial_per,"",1752556408
543,1873944109,install_vpn,"",1752556411
544,1873944109,ios,"",1752556415
545,1873944109,help_install_vpn,"",1752556613
546,1873944109,help_turn_on,"",1752556617
547,1873944109,start_menu,"",1752556621
548,1873944109,install_vpn,"",1752556624
549,1873944109,ios,"",1752556626
550,1765356480,"",/start,1752558122
551,1765356480,install_vpn,"",1752558128
552,1765356480,trial_per,"",1752558132
553,1765356480,buy_key,"",1752558140
554,1765356480,start_menu,"",1752558206
555,1765356480,install_vpn,"",1752558209
556,1765356480,android,"",1752558210
557,1013236986,"",/start,1752558610
558,1013236986,trial_per,"",1752558615
559,1597602730,"",/start,1752558704
560,1597602730,install_vpn,"",1752558713
561,1873944109,install_vpn,"",1752558719
562,1597602730,trial_per,"",1752558737
563,1873944109,start_menu,"",1752558737
564,1873944109,buy_key,"",1752558739
565,1873944109,to_pay_year,"",1752558742
566,1597602730,install_vpn,"",1752558747
567,1597602730,ios,"",1752558750
568,1013236986,install_vpn,"",1752558855
569,1013236986,ios,"",1752558859
570,1013236986,help_install_vpn,"",1752559076
571,1873944109,install_vpn,"",1752559480
572,1873944109,ios,"",1752559483
573,1873944109,help_install_vpn,"",1752559580
574,1873944109,help_turn_on,"",1752559582
575,1873944109,start_menu,"",1752560231
576,1873944109,personal_acc,"",1752560233
577,1873944109,start_menu,"",1752560241
578,1873944109,install_vpn,"",1752560243
579,1873944109,ios,"",1752560245
580,962191325,"",/start,1752560438
581,962191325,personal_acc,"",1752560446
582,962191325,buy_key,"",1752560453
583,962191325,to_pay_month,"",1752560462
584,962191325,trial_per,"",1752560479
585,962191325,buy_key,"",1752560548
586,962191325,to_pay_month,"",1752560550
587,862797715,help,"",1752560894
588,862797715,help_install_vpn,"",1752560903
589,862797715,help,"",1752560906
590,862797715,start_menu,"",1752560908
591,862797715,install_vpn,"",1752560913
592,862797715,ios,"",1752560916
593,477352108,personal_acc,"",1752561319
594,477352108,start_menu,"",1752561325
595,477352108,help,"",1752561346
596,477352108,help_period,"",1752561349
597,477352108,start_menu,"",1752561372
598,477352108,buy_key,"",1752561376
599,477352108,to_pay_best,"",1752561382
600,477352108,install_vpn,"",1752561394
601,477352108,start_menu,"",1752561409
602,477352108,buy_key,"",1752561414
603,477352108,start_menu,"",1752561416
604,477352108,install_vpn,"",1752561449
605,477352108,ios,"",1752561453
606,1389945860,"",/start,1752561726
607,1389945860,install_vpn,"",1752561739
608,1389945860,trial_per,"",1752561752
609,1795746942,"",/start,1752561819
610,1795746942,trial_per,"",1752561825
611,1795746942,install_vpn,"",1752561826
612,1795746942,android,"",1752561828
613,1795746942,install_vpn,"",1752561832
614,1795746942,ios,"",1752561833
615,1389945860,install_vpn,"",1752561870
616,1389945860,ios,"",1752561875
617,7720874350,"",/start,1752562271
618,7720874350,personal_acc,"",1752562272
619,7720874350,trial_per,"",1752562274
620,7720874350,personal_acc,"",1752562276
621,1082444168,trial_per,"",1752562335
622,482410857,"",/start,1752563143
623,482410857,personal_acc,"",1752563147
624,482410857,start_menu,"",1752563149
625,482410857,install_vpn,"",1752563152
626,482410857,android,"",1752563153
627,482410857,install_vpn,"",1752563154
628,482410857,start_menu,"",1752563155
629,1118491995,"",/start,1752563341
630,1118491995,trial_per,"",1752563356
631,503222029,to_pay_year,"",1752563770
632,503222029,help,"",1752563783
633,1082273797,"",/start,1752563927
634,1082273797,trial_per,"",1752564146
635,7203597150,trial_per,"",1752564299
636,7203597150,personal_acc,"",1752564377
637,482410857,install_vpn,"",1752565599
638,482410857,start_menu,"",1752565600
639,482410857,personal_acc,"",1752565603
640,482410857,start_menu,"",1752565617
641,482410857,refferal,"",1752566488
642,482410857,start_menu,"",1752566489
643,482410857,personal_acc,"",1752566491
644,482410857,start_menu,"",1752566494
645,1336353605,help_install_vpn,"",1752567501
646,1336353605,help,"",1752567640
647,1336353605,help_install_vpn,"",1752567645
648,482410857,install_vpn,"",1752568014
649,482410857,ios,"",1752568015
650,482410857,install_vpn,"",1752568033
651,482410857,start_menu,"",1752568034
652,482410857,personal_acc,"",1752568035
653,482410857,start_menu,"",1752568229
654,1336353605,help,"",1752568302
655,1336353605,help_install_vpn,"",1752568305
656,1336353605,help,"",1752568307
657,1336353605,start_menu,"",1752568336
658,1336353605,personal_acc,"",1752568340
659,1336353605,start_menu,"",1752568343
660,1336353605,install_vpn,"",1752568358
661,1336353605,ios,"",1752568362
662,842220835,personal_acc,"",1752569593
663,842220835,help_per_acc_in_per_acc,"",1752569603
664,842220835,personal_acc,"",1752569606
665,842220835,start_menu,"",1752569608
666,842220835,refferal,"",1752569609
667,842220835,start_menu,"",1752569617
668,1418005316,"",/start,1752571136
669,1418005316,install_vpn,"",1752571149
670,1418005316,trial_per,"",1752571156
671,1418005316,buy_key,"",1752571170
672,1418005316,to_pay_6_months,"",1752571181
673,751687099,"",/start,1752571249
674,751687099,trial_per,"",1752571263
675,1418005316,install_vpn,"",1752571278
676,1418005316,android,"",1752571280
677,751687099,install_vpn,"",1752571316
678,751687099,ios,"",1752571320
679,688730778,trial_per,"",1752572491
680,688730778,install_vpn,"",1752572495
681,688730778,ios,"",1752572498
682,1082444168,install_vpn,"",1752573117
683,1082444168,ios,"",1752573123
684,1082444168,help_install_vpn,"",1752573196
685,1082444168,help,"",1752573213
686,1082444168,help_install_vpn,"",1752573217
687,1082444168,help_links,"",1752573240
688,1082444168,start_menu,"",1752573245
689,1082444168,install_vpn,"",1752573248
690,1082444168,ios,"",1752573253
691,1082444168,install_vpn,"",1752573581
692,1082444168,start_menu,"",1752573583
693,1082444168,install_vpn,"",1752573594
694,1082444168,start_menu,"",1752573595
695,1082444168,buy_key,"",1752573596
696,1082444168,to_pay_month,"",1752573610
697,1082444168,buy_key,"",1752573619
698,1082444168,to_pay_best,"",1752573623
699,842220835,refferal,"",1752574076
700,842220835,start_menu,"",1752574078
701,842220835,personal_acc,"",1752574080
702,1243464663,"",/start,1752576984
703,1243464663,trial_per,"",1752576993
704,1013236986,help_turn_on,"",1752577017
705,1013236986,start_menu,"",1752577020
706,1013236986,install_vpn,"",1752577022
707,1013236986,ios,"",1752577026
708,8194752120,"",/start,1752577102
709,8194752120,personal_acc,"",1752577105
710,8194752120,start_menu,"",1752577107
711,5753037919,trial_per,"",1752577169
712,5753037919,install_vpn,"",1752577187
713,5753037919,ios,"",1752577190
714,1243464663,buy_key,"",1752577346
715,1013236986,help_install_vpn,"",1752577752
716,1013236986,help_turn_on,"",1752577761
717,1013236986,start_menu,"",1752577772
718,1013236986,personal_acc,"",1752577776
719,1013236986,buy_key,"",1752577782
720,1013236986,start_menu,"",1752577799
721,1013236986,install_vpn,"",1752577801
722,1013236986,ios,"",1752577803
723,5064257111,"",/start,1752578060
724,5064257111,personal_acc,"",1752578080
725,5064257111,buy_key,"",1752578086
726,5064257111,to_pay_year,"",1752578109
727,482410857,"",/start,1752579204
728,1894812263,"",/start,1752579365
729,1894812263,personal_acc,"",1752579368
730,1894812263,trial_per,"",1752579378
731,1894812263,personal_acc,"",1752579389
732,5753037919,install_vpn,"",1752579396
733,5753037919,start_menu,"",1752579399
734,1894812263,start_menu,"",1752579399
735,5753037919,install_vpn,"",1752579401
736,5753037919,ios,"",1752579402
737,1894812263,install_vpn,"",1752579405
738,1894812263,ios,"",1752579409
739,454101606,"",/start,1752581204
740,454101606,trial_per,"",1752581216
741,454101606,buy_key,"",1752581224
742,454101606,start_menu,"",1752581243
743,454101606,install_vpn,"",1752581245
744,454101606,ios,"",1752581249
745,6170621947,install_vpn,"",1752583393
746,6170621947,start_menu,"",1752583399
747,7314275413,"",/start,1752584011
748,7314275413,trial_per,"",1752584026
749,1013236986,help_install_vpn,"",1752585659
750,1013236986,help_turn_on,"",1752585663
751,1013236986,start_menu,"",1752585700
752,1013236986,personal_acc,"",1752585702
753,1013236986,start_menu,"",1752585707
754,1013236986,install_vpn,"",1752585756
755,1013236986,ios,"",1752585758
756,1135484202,"",/start,1752585775
757,1135484202,trial_per,"",1752585782
758,1135484202,install_vpn,"",1752585785
759,1135484202,android,"",1752585789
760,1135484202,install_vpn,"",1752585809
761,1135484202,ios,"",1752585812
762,1135484202,help_install_vpn,"",1752586011
763,1135484202,help,"",1752586014
764,1135484202,help_per_acc,"",1752586019
765,1135484202,help,"",1752586023
766,1135484202,start_menu,"",1752586027
767,1135484202,buy_key,"",1752586029
768,1013236986,help_install_vpn,"",1752586213
769,1013236986,help,"",1752586215
770,1013236986,help_per_acc,"",1752586218
771,1013236986,help,"",1752586220
772,1013236986,start_menu,"",1752586222
773,1013236986,buy_key,"",1752586223
774,1013236986,to_pay_month,"",1752586225
775,1960663144,trial_per,"",1752589324
776,1578041510,trial_per,"",1752596106
777,886154104,trial_per,"",1752602889
778,813912061,trial_per,"",1752603903
779,813912061,trial_per,"",1752603916
780,2082311916,trial_per,"",1752605865
781,2082311916,trial_per,"",1752606043
782,2082311916,trial_per,"",1752606267
783,2082311916,trial_per,"",1752606508
784,2082311916,install_vpn,"",1752606526
785,2082311916,android,"",1752606528
786,482410857,install_vpn,"",1752606632
787,482410857,start_menu,"",1752606639
788,482410857,personal_acc,"",1752606641
789,482410857,start_menu,"",1752606642
790,2082311916,install_vpn,"",1752606657
791,2082311916,start_menu,"",1752606660
792,2082311916,personal_acc,"",1752606664
793,2082311916,start_menu,"",1752606720
794,2082311916,personal_acc,"",1752606722
795,2082311916,start_menu,"",1752606810
796,2082311916,buy_key,"",1752606813
797,2082311916,start_menu,"",1752606819
798,2082311916,refferal,"",1752606820
799,2082311916,start_menu,"",1752606829
800,2082311916,install_vpn,"",1752606833
801,2082311916,start_menu,"",1752606835
802,2082311916,personal_acc,"",1752606836
803,2082311916,start_menu,"",1752606842
804,2082311916,buy_key,"",1752606843
805,2082311916,start_menu,"",1752606844
806,2082311916,install_vpn,"",1752606944
807,2082311916,android,"",1752606965
808,482410857,personal_acc,"",1752607025
809,482410857,start_menu,"",1752607026
810,2082311916,install_vpn,"",1752607127
811,2082311916,install_vpn,"",1752607127
812,2082311916,start_menu,"",1752607134
813,2082311916,personal_acc,"",1752607158
814,482410857,install_vpn,"",1752607207
815,482410857,android,"",1752607208
816,6231088014,trial_per,"",1752607546
817,6231088014,trial_per,"",1752607573
818,6231088014,trial_per,"",1752607577
819,482410857,install_vpn,"",1752607907
820,482410857,start_menu,"",1752607908
821,482410857,install_vpn,"",1752607909
822,482410857,start_menu,"",1752607911
823,482410857,personal_acc,"",1752607911
824,482410857,start_menu,"",1752607913
825,482410857,help,"",1752608854
826,482410857,start_menu,"",1752608855
827,482410857,install_vpn,"",1752608855
828,482410857,start_menu,"",1752608856
829,482410857,personal_acc,"",1752608857
830,482410857,start_menu,"",1752608859
831,482410857,install_vpn,"",1752608860
832,482410857,start_menu,"",1752608861
